{
  "assetsByChunkName": {
    "vendors~app-account~app-confirmation~app-order": "chunk.c5f7fd9ae8d5eb72d6f6.js",
    "vendors~app-account~app-checkout": "chunk.23a8e5fbbecafc491227.js",
    "vendors~app-cart~app-checkout": "chunk.23f23f608c68d517b3db.js",
    "admin": [
      "admin.e0aa7b4e7063b244f2dc.js",
      "admin.e0aa7b4e7063b244f2dc.js.map"
    ],
    "app-account": "chunk.e3ea5e1f69def6207b86.js",
    "app-checkout": "chunk.dab15a9dd6926899065b.js",
    "app-confirmation": "chunk.9769bcdb675f25b22319.js",
    "checkout": [
      "checkout.f0894989b792110d1c1a.js",
      "checkout.f0894989b792110d1c1a.js.map"
    ],
    "storefront": [
      "storefront.4934ed56b1b123b396b6.css",
      "storefront.8e3366ede4e50f5d32e6.js",
      "storefront.4934ed56b1b123b396b6.css.map",
      "storefront.8e3366ede4e50f5d32e6.js.map"
    ],
    "vendors~app-cart": "chunk.ced86f2aab5764a57ab6.js",
    "vendors~app-order": "chunk.b6ddada118bec501f487.js"
  }
}