{
  "sections": [
    {
      "type": "page-title",
      "title": ""
    },
    {
      "type": "document-banner",
      "enabled": true
    },
    {
      "type": "brand-retail",
      "enabled": true,
      "sort": "views"
    },
    {
      "type": "document-description",
      "enabled": true
    },
    {
      "type": "breadcrumbs",
      "enabled": false
    },
    {
      "type": "brands-carousel",
      "limit": 10,
      "offset": 0,
      "sort": null,
      "autoplay": 0
    },
    {
      "type": "document-banner",
      "enabled": true
    }
  ]
}