{
  "marketing_stripe": {
    "text": "10% De desconto para pagamentos via PIX",
    "link": "",
    "background": "#7d1422",
    "color": "#ffffff"
  },
  "contacts_stripe": {
    "pages": [
      {}
    ],
    "phone_wpp": true,
    "socials": true
  },
  "categories_list": {
    "featured": [
      "/instrumentos?Instrumentos",
      "/cabos/microfone?Cabos/Microfone",
      "/encordoamentos?Encordoamentos",
      "/suportes?Suportes",
      "/capasbags?Capas/Bags",
      "/acessorios?Acessórios",
      "/som-profissional?Som profissional",
      "/eletonicos?Eletrônicos",
      "/material-eletrico?Material Elétrico",
      "/cadeira-gamer?Cadeira"
    ],
    "random": 0,
    "full_width": true
  },
  "desktop_megamenu": true,
  "search_input": true,
  "alphabetical_order_submenu": true,
  "full_width_submenu": true,
  "centralized_logo": false
}