{
  "meta_title": "Dia dos Pais na Melody",
  "meta_description": "Dia dos Pais na Melody",
  "sections": [
    {
      "type": "banner-slider",
      "autoplay": 98000,
      "full_width": false,
      "slides": [
        {
          "start": "",
          "end": "",
          "img": "/img/uploads/10-1920-x-578-px-.png"
        },
        {
          "start": "",
          "end": "",
          "img": "/img/uploads/bright-1920-x-578-px-.png"
        },
        {
          "start": "",
          "end": "",
          "img": "/img/uploads/caixa-ativa-1920-x-578-px-.png"
        },
        {
          "start": "",
          "end": "",
          "img": "/img/uploads/grandesite.com.br-1920-x-578-px-.png"
        }
      ]
    },
    {
      "type": "info-bar",
      "enabled": true
    },
    {
      "type": "collection-shelf",
      "shuffle": false,
      "limit": 20,
      "page": 1,
      "sort": "offers",
      "title": "Promoções"
    },
    {
      "type": "collection-shelf",
      "shuffle": true,
      "limit": 12,
      "page": 1,
      "collection_id": "633ee7af73321213f89f442a:categories:Instrumentos:/instrumentos",
      "sort": "slug",
      "title": "Instrumentos"
    },
    {
      "type": "collection-shelf",
      "shuffle": true,
      "limit": 12,
      "page": 1,
      "collection_id": "633ee92673321213f89f4725:categories:Acessórios:/suportes",
      "title": "Acessórios",
      "sort": "slug"
    },
    {
      "type": "brands-carousel",
      "limit": 8,
      "offset": 0,
      "sort": null,
      "autoplay": 5000
    },
    {
      "type": "banner-slider",
      "autoplay": 9000,
      "full_width": false,
      "slides": []
    }
  ]
}